href,title,excerpt,time,category,img_src
https://unitedhebrewgeriatric.org/pride-in-action-creating-a-welcoming-space-for-lgbtqia-seniors-staff/,Pride in Action: Creating a Welcoming Space for LGBTQIA+ Seniors & Staff,"At United Hebrew, creating a community where everyone feels respected and welcome is paramount. The senior living campus in New Rochelle is dedicated to ensuring LGBTQIA+ residents and staff always feel appreciated and supported, demonstrated through an inherently accepting campus culture, inclusive policies, and formal training. A Supportive Greeting Visitors and prospective families are warmly … Continue reading “Pride in Action: Creating a Welcoming Space for LGBTQIA+ Seniors & Staff”","June 27, 2024",All,https://unitedhebrewgeriatric.org/wp-content/uploads/2024/06/United-Hebrew-Pride-1-1568x1176.png
https://unitedhebrewgeriatric.org/stop-senior-falls-before-they-happen-simple-safety-tips/,Stop Senior Falls Before They Happen: Simple Safety Tips  ,"As we age, our muscles weaken and we lose balance more easily, making us more susceptible to falls. Unintentional falls are the leading cause of injury among adults older than 65 years old, according to the Centers for Disease Control. The reassuring news? These falls are preventable. Uncover the Reasons Behind Falls It’s important to … Continue reading “Stop Senior Falls Before They Happen: Simple Safety Tips  “","June 12, 2024",All,https://unitedhebrewgeriatric.org/wp-content/uploads/2024/06/Untitled-design-3.png
https://unitedhebrewgeriatric.org/students-residents-the-future-of-senior-care/,"Students, Residents, & The Future of Senior Care","At United Hebrew, we’re committed to providing exceptional care for our senior residents. But that commitment extends beyond our walls. We believe in fostering the next generation of nurses who will be dedicated to senior care. That’s why we’re proud to partner with local higher education institutions like Iona University and Manhattanville College to provide … Continue reading “Students, Residents, & The Future of Senior Care”","March 26, 2024",All,https://unitedhebrewgeriatric.org/wp-content/uploads/2024/03/Untitled-design-3.png
https://unitedhebrewgeriatric.org/united-hebrew-recognized-for-lgbtq-inclusive-senior-care/,United Hebrew Recognized for LGBTQ+ Inclusive Senior Care,"In a significant stride towards inclusivity, United Hebrew proudly announces its attainment of the esteemed SAGECare credential, reaffirming its dedication to fostering a supportive environment for LGBTQ+ older adults. This partnership with SAGECare underscores United Hebrew’s commitment to providing exceptional care and services tailored to the unique needs of LGBTQ+ individuals. The journey towards this … Continue reading “United Hebrew Recognized for LGBTQ+ Inclusive Senior Care”","March 25, 2024",All,https://unitedhebrewgeriatric.org/wp-content/uploads/2024/03/Untitled-design-2.png
https://unitedhebrewgeriatric.org/family-caregivers-6-tips-for-a-healthy-balanced-life-in-your-60s/,"Family Caregivers: 6 Tips for a Healthy, Balanced Life in Your 60s","Did you know that the average age of a family caregiver to a sick or elderly loved one over age 65 is 63 years old? This group of Boomer-generation caregivers is also predominantly female (more than 70%) and finding themselves with fewer familial resources and opportunities to refuel physically and mentally. “This is a relatively … Continue reading “Family Caregivers: 6 Tips for a Healthy, Balanced Life in Your 60s”","December 8, 2022","Uncategorized, All, Caregivers, Healthy Aging",https://unitedhebrewgeriatric.org/wp-content/uploads/2022/12/Untitled-design-3.png
https://unitedhebrewgeriatric.org/dos-and-donts-for-speaking-with-people-with-dementia/,Do’s and Don’ts for Speaking With People With Dementia,How Alzheimer’s disease and related dementias affects people varies widely: A mother who used to be quiet may become chatty; a father no longer remembers his daughter; a demure grandmother might now be heard using obscenities. Families who had a shorthand for speaking with each other now find themselves at a loss for what to … Continue reading “Do’s and Don’ts for Speaking With People With Dementia”,"May 15, 2022","All, Alzheimer’s and Dementia",https://unitedhebrewgeriatric.org/wp-content/uploads/2022/05/Untitled-design-5.png
https://unitedhebrewgeriatric.org/jim-staudt-honored-for-service-to-united-hebrew/,Jim Staudt Honored for Service to United Hebrew ,"Congratulations to Jim Staudt, a stalwart supporter of United Hebrew, recognized by the Westchester Jewish Council with the Julian Y. Bernstein distinguished service award!  Jim has volunteered over 500 hours over the past seven years on our campus. On our board of directors, he serves as a member and past chair, and current co-senior chair. … Continue reading “Jim Staudt Honored for Service to United Hebrew “","May 11, 2022","Uncategorized, All",https://unitedhebrewgeriatric.org/wp-content/uploads/2022/05/Untitled-design-3.png
https://unitedhebrewgeriatric.org/celebrating-long-term-cares-unsung-heroes-social-workers/,Celebrating Long-Term Care’s Unsung Heroes: Social Workers,"“The Time Is Right for Social Work” – that’s the theme of this year’s Social Work Month, and we couldn’t agree more. So as March goes out – hopefully, like a lamb – we celebrate the 720,000 social workers in the US, with a special nod to those serving our residents and their families right here … Continue reading “Celebrating Long-Term Care’s Unsung Heroes: Social Workers”","March 30, 2022","Uncategorized, All",https://unitedhebrewgeriatric.org/wp-content/uploads/2022/03/Untitled-design.png
https://unitedhebrewgeriatric.org/seniors-share-views-on-the-world-in-current-events-group/,Seniors Share Views on the World in Current Events Group,Should the U.S. become involved in the Russia/Ukraine conflict? What’s the impact of commercial development in downtown New Rochelle? How will former President Trump factor in the future of the Republican party?  These are just some of the big questions tackled by the  Current Events group at United Hebrew’s Willow Towers Assisted Living community. “The point … Continue reading “Seniors Share Views on the World in Current Events Group”,"February 26, 2022","All, Assisted Living",https://unitedhebrewgeriatric.org/wp-content/uploads/2022/02/Untitled-design-2.png
https://unitedhebrewgeriatric.org/our-short-stay-rehab-center-named-among-best-in-nation/,Our Short-Stay Rehab Center Again Named Among Best in Nation,"Huge news! For the fourth year in a row, we have been recognized with the highest rating possible for our short-stay rehabilitation facility for 2021-2022 by U.S. News & World Report. Of the 13,500 facilities evaluated, just 1,651 earned the coveted “High Performing” rating. That places United Hebrew’s short-stay facility among the top 12% in the nation.  … Continue reading “Our Short-Stay Rehab Center Again Named Among Best in Nation”","November 11, 2021","All, Rehabilitation",https://unitedhebrewgeriatric.org/wp-content/uploads/2021/11/Rehab-STR-HP-blog.png
https://unitedhebrewgeriatric.org/music-to-their-ears-grant-expands-program-using-music-to-tap-into-precious-memories/,Music to Our Ears: Grant Expands Program Using Music to Tap into Precious Memories,"Music has always been an essential part of life on our campus. From musical entertainment to specialized music therapy programs, we’ve long witnessed the power of music to lift our residents’ spirits and engage with each other and the world around them. This is especially true for our residents with dementia who suffer from cognitive … Continue reading “Music to Our Ears: Grant Expands Program Using Music to Tap into Precious Memories”","October 26, 2021","All, Alzheimer’s and Dementia",https://unitedhebrewgeriatric.org/wp-content/uploads/2021/10/Music-and-Memory-Expands-at-United-Hebrew-of-New-Rochelle.png
https://unitedhebrewgeriatric.org/assisted-living-or-skilled-nursing-which-is-right-for-your-loved-one/,Assisted Living or Skilled Nursing:  Which is Right for Your Loved One?,"You may be at a point in your life when you are noticing that your aging parents need a little help. You might be helping out with whatever they need – shopping, cleaning, or driving them to appointments. If you have the time, caregiving for loved ones can be incredibly rewarding. But you may be … Continue reading “Assisted Living or Skilled Nursing:  Which is Right for Your Loved One?”","October 21, 2021","All, Assisted Living, Long-term Care",https://unitedhebrewgeriatric.org/wp-content/uploads/2021/10/Whats-the-difference-between-skilled-nursing-and-assisted-living.png
https://unitedhebrewgeriatric.org/united-hebrew-ranked-among-newsweeks-americas-best-nursing-homes/,United Hebrew Ranks Among Newsweek’s ‘America’s Best Nursing Homes’,"For families searching for excellent skilled nursing care, positive ratings are valuable tools when reviewing options for care. So it is welcome news that United Hebrew of New Rochelle has been ranked by Newsweek among the nation’s best! Of the nearly 12,000 nursing homes evaluated, only 450 made the magazine’s list. That places us among the top … Continue reading “United Hebrew Ranks Among Newsweek’s ‘America’s Best Nursing Homes’”","October 5, 2021","Uncategorized, All",https://unitedhebrewgeriatric.org/wp-content/uploads/2021/10/United-Hebrew-best-nursing-home.png
https://unitedhebrewgeriatric.org/planning-hip-or-knee-replacement-surgery-read-this-first/,Planning Hip or Knee Replacement Surgery? Read This First.,"If an injury or wear and tear are prompting you to consider a hip or knee replacement, you are not alone. According to the National Institutes of Health, over 1 million such procedures are performed each year in the United States. Besides vetting a surgeon and hospital or outpatient facility, it’s important to also consider … Continue reading “Planning Hip or Knee Replacement Surgery? Read This First.”","September 29, 2021","All, Rehabilitation",https://unitedhebrewgeriatric.org/wp-content/uploads/2021/09/Hip-replacement-care.png
https://unitedhebrewgeriatric.org/united-hebrew-president-ceo-rita-mabli-honored-with-top-executive-award/,United Hebrew President & CEO Rita Mabli Honored With Top Executive Award,"Another feather in her cap! Our warmest congratulations to Rita Mabli, who will be honored with the 2021 C-Suite Award on October 14. Presented by the Westchester & Fairfield County Business Journals, the awards honor top executives who create innovative ideas that propel progress and success in their respective organizations. Ms. Mabli has won many … Continue reading “United Hebrew President & CEO Rita Mabli Honored With Top Executive Award”","September 27, 2021","All, Our Stories",https://unitedhebrewgeriatric.org/wp-content/uploads/2021/09/Rita-Mabli-C-Suite-Award.png
https://unitedhebrewgeriatric.org/dr-elaine-healy-honored-with-lifetime-achievement-award/,Dr. Elaine Healy Honored With Lifetime Achievement Award,"Our heartiest congratulations to Elaine Healy, MD, who will be honored with the 2021 Lifetime Achievement Award presented by the Westchester Fairfield County Business Journals at its upcoming Doctors of Distinction award ceremony. Dr. Healy, our medical director and vice president of medical affairs, will be recognized for her extraordinary career as a geriatric clinician, health … Continue reading “Dr. Elaine Healy Honored With Lifetime Achievement Award”","August 23, 2021","All, Our Stories",https://unitedhebrewgeriatric.org/wp-content/uploads/2021/08/Untitled-design-2.png
https://unitedhebrewgeriatric.org/united-hebrew-is-a-great-placeto-feel-at-home/,United Hebrew is a Great Place…to Feel at Home!,"Lorna Hawthorne remembers the day she started working in the housekeeping department at United Hebrew: March 22, 1999. She felt at home right away. Not only were her new co-workers friendly and warm, she says, “The residents were happy to meet me, too!” She had moved to the United States from Jamaica a few years … Continue reading “United Hebrew is a Great Place…to Feel at Home!”","August 9, 2021","Uncategorized, All",https://unitedhebrewgeriatric.org/wp-content/uploads/2021/08/Untitled-design-3.png
https://unitedhebrewgeriatric.org/never-leave-home-without-lipstick-says-this-105-year-old/,‘Never Leave Home Without Lipstick’ Says This 105-Year-Old,"Sylvia Sabat, née Epstein, came of age during the Roaring 20s. She lived with her parents and two sisters on Houston Street, in the Lower East Side of Manhattan, then a teeming, bustling magnet for immigrants. She and her sisters loved being out and about. They frequented her family-owned grocery store, located on St. Marks Place. … Continue reading “‘Never Leave Home Without Lipstick’ Says This 105-Year-Old”","June 18, 2021",All,https://unitedhebrewgeriatric.org/wp-content/uploads/2021/06/Untitled-design-2.png
https://unitedhebrewgeriatric.org/were-celebrating-our-asian-american-and-pacific-islander-team/,We’re Celebrating Our Asian American and Pacific Islander Team!,"May marks Asian American and Pacific Islander (AAPI) Heritage month, observed annually in the U.S. to highlight the contributions that Americans of Asian and Pacific Island heritage have made to American history, culture, and society. At United Hebrew of New Rochelle, we’re celebrating the contributions of our AAPI staff who have worked tirelessly on the … Continue reading “We’re Celebrating Our Asian American and Pacific Islander Team!”","May 25, 2021","Uncategorized, All, Our Stories",https://unitedhebrewgeriatric.org/wp-content/uploads/2021/05/AAPI-UH-2.png
https://unitedhebrewgeriatric.org/feeding-westchester-and-united-hebrew-pilot-prepared-meal-program-for-seniors/,Feeding Westchester and United Hebrew Pilot Prepared Meal Program for Seniors,"Good nutrition is important, no matter your age or stage in life. But as we age, life and physiological changes alter what we need to do to stay healthy. We might need fewer calories, or more protein in our diets. And we may need assistance in making nutritious food for ourselves.  Many older adults may … Continue reading “Feeding Westchester and United Hebrew Pilot Prepared Meal Program for Seniors”","April 29, 2021","All, Our Stories",https://unitedhebrewgeriatric.org/wp-content/uploads/2021/04/Untitled-design-5.png
https://unitedhebrewgeriatric.org/why-united-hebrew-is-a-great-place-to-work/,Why United Hebrew Is a Great Place to Work,"If you ask staff at United Hebrew of New Rochelle to name one thing they love about working on the senior care campus, you may get a puzzled look.  “Just one thing? That’s hard to do — I can think of several,” says Gilbert Yutuc, a cook at Willow Towers Assisted Living. “It’s the people. … Continue reading “Why United Hebrew Is a Great Place to Work”","April 22, 2021","Uncategorized, All, Our Stories",https://unitedhebrewgeriatric.org/wp-content/uploads/2021/04/Copy-Why-United-Hebrew-is-a-Great-Place-to-Work.png
https://unitedhebrewgeriatric.org/as-covid-cases-plummet-nursing-homes-among-the-safest-places-to-be/,"As Covid Cases Plummet, Nursing Homes Among the Safest Places to Be!","New Covid cases among nursing home residents have declined 82 percent since December, far outpacing the general population, bringing new optimism to our community.","March 8, 2021","All, Long-term Care",https://unitedhebrewgeriatric.org/wp-content/uploads/2021/01/UH-Reunions.png
https://unitedhebrewgeriatric.org/what-happens-when-the-nurse-becomes-the-patient/,What Happens When the Nurse Becomes the Patient?,"Elizabeth Berolatti loved working at United Hebrew in the 1970s. After her recent stay as a patient, she says the high quality of care has remained the same.","February 26, 2021","All, Long-term Care, Rehabilitation",https://unitedhebrewgeriatric.org/wp-content/uploads/2021/01/Untitled-design.png
https://unitedhebrewgeriatric.org/former-artist-nurtures-creative-spirit-at-willow-gardens-memory-care/,Former Artist Nurtures Creative Spirit at Willow Gardens Memory Care,"For Adele Levy Gore, a former working artist diagnosed with early onset dementia, painting helps her connect to her previous life and keep her passions alive.","February 23, 2021","All, Alzheimer’s and Dementia",https://unitedhebrewgeriatric.org/wp-content/uploads/2021/01/Untitled-design-2.png
https://unitedhebrewgeriatric.org/honoring-the-legacy-of-michael-rozen/,Honoring the Legacy of Michael Rozen,"Few people have left a legacy at United Hebrew like Michael Rozen. He was one of our greatest champions and he dedicated countless volunteer hours to further our mission. He helped make possible access to expert and compassionate care for thousands of people, no matter their age or stage in life. When we lost Michael last year, we lost a principled leader and a treasured friend. ","January 25, 2021","All, Our Stories",https://unitedhebrewgeriatric.org/wp-content/uploads/2021/01/1.png
https://unitedhebrewgeriatric.org/united-hebrew-administers-its-first-covid-19-vaccines-to-residents-and-staff/,United Hebrew Administers its First COVID-19 Vaccines to Residents and Staff,We marked a significant milestone in the fight against the devastating coronavirus pandemic as we administered the first COVID-19 vaccines to our nursing home residents and staff.,"January 8, 2021","All, Long-term Care",https://unitedhebrewgeriatric.org/wp-content/uploads/2021/01/Untitled-design-6-1.png
https://unitedhebrewgeriatric.org/patricia-and-malcolm-lazarus-gift-to-endow-willow-gardens-memory-care/,Patricia and Malcolm Lazarus Gift Endows Willow Gardens Memory Care,"Malcolm H. Lazarus, and his wife, Patricia Lazarus, have made a major gift to endow Willow Gardens Memory Care, Westchester’s first assisted living residence dedicated exclusively to Alzheimer’s and dementia care.","December 16, 2020",All,https://unitedhebrewgeriatric.org/wp-content/uploads/2020/12/Patricia-and-Malcolm-H.-Lazarus.jpg
https://unitedhebrewgeriatric.org/united-hebrew-joins-innovative-pilot-program-to-prevent-the-spread-of-covid-19/,United Hebrew Joins Innovative Pilot Program to Prevent the Spread of COVID-19,"United Hebrew is participating in Project ECHO, an innovative pilot program to help nursing home administrators and frontline staff combat the spread of COVID-19.","December 15, 2020","All, Long-term Care",https://unitedhebrewgeriatric.org/wp-content/uploads/2020/12/Project-Echo-COVID-Action-Network-2.png
https://unitedhebrewgeriatric.org/major-renovations-of-our-top-ranked-short-term-rehab-facility-now-complete/,Major Renovations of our Top-Ranked Short-Term Rehab Facility Now Complete,"The upgrades give Westchester residents access to cutting edge-therapy services in a safe, modern, home-like environment, at a center recently ranked as one of the nation’s best.","December 4, 2020",All,https://unitedhebrewgeriatric.org/wp-content/uploads/2020/12/Renovated-short-stay-rehab-center-.png
https://unitedhebrewgeriatric.org/virtual-group-provides-critical-support-for-alzheimers-caregivers/,Virtual Group Provides Critical Support for Alzheimer’s Caregivers,"With social distancing and other rules in play, our Alzheimer’s caregiver support group has moved to Zoom, enabling the delivery of the same resources to an even wider network of family members and caregivers.","October 28, 2020","All, Alzheimer’s and Dementia, Assisted Living",https://unitedhebrewgeriatric.org/wp-content/uploads/2020/10/Alzheimers-support-group.png
https://unitedhebrewgeriatric.org/first-woman-chair/,Rosemary McLaughlin Named as First Woman Board Chair at United Hebrew,We are so pleased to announce that Rosemary McLaughlin has been named as the chair of our board of directors. She is the first woman chair to hold the position in our 100+ year history.,"October 16, 2020","All, Our Stories, press",https://unitedhebrewgeriatric.org/wp-content/uploads/2020/10/Untitled-design-2.png
https://unitedhebrewgeriatric.org/music-therapist-strikes-a-chord-with-memory-care-residents/,Music Therapist Strikes a Chord with Memory Care Residents,"As we adjust to our new normal, our dedicated and skilled music therapists find ways to share the healing joys of music with our residents with Alzheimer’s and dementia.","September 25, 2020","All, Alzheimer’s and Dementia, Assisted Living",https://unitedhebrewgeriatric.org/wp-content/uploads/2020/10/Untitled-design-3-1.png
https://unitedhebrewgeriatric.org/united-hebrew-awarded-five-star-rating/,United Hebrew Awarded Five Star Rating,"The CMS five-star rating is the latest in a series of accolades United Hebrew has received locally, regionally and nationally for its patient-centered care.","August 28, 2020","All, Long-term Care, Rehabilitation",https://unitedhebrewgeriatric.org/wp-content/uploads/2020/10/Untitled-design-2-1.png
https://unitedhebrewgeriatric.org/chef-reflects-on-16-year-career-at-united-hebrew-going-to-work-is-like-coming-home/,Chef Reflects on 16-Year Career at United Hebrew: ‘Going to Work is Like Coming Home’,"Motivation, a strong work ethic, the support of your co-workers, and a love of cooking: These ingredients are the secret sauce behind Chef Jahmal Guinyard’s 16-year career at United Hebrew.","August 28, 2020","All, Assisted Living, Our Stories",https://unitedhebrewgeriatric.org/wp-content/uploads/2020/10/Untitled-design.png
https://unitedhebrewgeriatric.org/a-smooth-transition-to-memory-care-for-a-sister-with-dementia/,A Smooth Transition to Memory Care for a Sister with Dementia,"Helen knew her sister’s worsening dementia required around the clock support. She was happy to learn about Willow Gardens Memory Care, which provided medical care and social support in a secure environment.","August 14, 2020","All, Alzheimer’s and Dementia, Assisted Living",https://unitedhebrewgeriatric.org/wp-content/uploads/2020/10/Untitled-design-6.png
https://unitedhebrewgeriatric.org/staying-safe-and-introducing-visitors-to-our-new-assisted-living-virtual-tour/,Introducing Visitors to Our New Assisted Living Virtual Tour!,"Check out our new, interactive virtual tour of our Willow Towers Assisted Living facility, which showcases our beautiful grounds, inviting common areas, and spacious apartments. ","July 24, 2020","All, Assisted Living",https://unitedhebrewgeriatric.org/wp-content/uploads/2020/10/Copy-of-Untitled-2.png
https://unitedhebrewgeriatric.org/helping-to-heal-why-we-care-about-wound-care/,Helping to Heal: Why We Care About Wound Care,"Treating chronic wounds quickly is critical. What most people don’t realize is that if left untreated, some wounds, like pressure wounds, can be fatal.","July 22, 2020","All, Long-term Care",https://unitedhebrewgeriatric.org/wp-content/uploads/2020/07/Wound-care-certified-nurses.png
https://unitedhebrewgeriatric.org/you-took-her-in-when-no-one-else-would/,“You Took Her in When No One Else Would”,"United Hebrew is committed to supporting seniors and their families, even in these most challenging times.","May 27, 2020","All, Caregivers, Our Stories",https://unitedhebrewgeriatric.org/wp-content/uploads/2020/07/Untitled-design-1-1.png
https://unitedhebrewgeriatric.org/nurse-appreciation-week-spotlight-on-jennifer-tan/,Nurse Appreciation Week: Spotlight on Jennifer Tan,"Happy Nurse Appreciation Week to Jennifer Tan and all of our extraordinary nurses on the front lines, selflessly providing care for our most vulnerable citizens.","May 6, 2020",All,https://unitedhebrewgeriatric.org/wp-content/uploads/2020/07/Nurse-appreciation-week.png
https://unitedhebrewgeriatric.org/with-masks-food-and-hip-hop-new-rochelle-community-supports-united-hebrew/,"With Masks, Food, and Hip Hop, New Rochelle Community Supports United Hebrew","Generosity in the face of this pandemic has taken many forms, and support has arrived on our campus from New Rochelle, the region, and across the nation. ","April 29, 2020",All,https://unitedhebrewgeriatric.org/wp-content/uploads/2020/07/Untitled-design-1.png
https://unitedhebrewgeriatric.org/social-distancing-westchester-community-spreads-cheer-seniors-staff/,"While Social Distancing, Westchester Community Spreads Cheer to Seniors and Staff",The arrival of very warm and encouraging letters from the outside community has been a source of unexpected joy for our residents and staff during the pandemic.,"April 3, 2020","All, Assisted Living, Long-term Care",https://unitedhebrewgeriatric.org/wp-content/uploads/2020/07/Untitled-design-7.png
https://unitedhebrewgeriatric.org/helping-seniors-loved-ones-cope-covid-19-anxiety/,Helping Seniors and Loved Ones Cope with COVID-19 Anxiety,"To fill the void left by family members visits, United Hebrew’s recreation team has initiated virtual visits via FaceTime and Skype.","March 19, 2020","All, Long-term Care, Our Stories",https://unitedhebrewgeriatric.org/wp-content/uploads/2020/07/Untitled-design-3.png
https://unitedhebrewgeriatric.org/heartwarming-thanks-new-rochelles-first-responders/,A Heartwarming Thanks for New Rochelle’s First Responders,"Whether attending to a medical emergency, responding to a fire call, or teaching seniors how to avoid scams, New Rochelle’s first responders show bravery, dedication, and sacrifice on a daily basis. We showed our appreciation.","March 10, 2020","All, Assisted Living, Long-term Care, Our Stories",https://unitedhebrewgeriatric.org/wp-content/uploads/2020/07/Untitled-design-11.png
https://unitedhebrewgeriatric.org/united-hebrew-president-ceo-rita-mabli-garners-two-prestigious-honors/,United Hebrew President & CEO Rita Mabli Garners Two Prestigious Honors,"Rita Mabli is a recipient of the McKnight’s Women of Distinction Award and the Iona College Women of Achievement Award, which recognize her achievements in her career and community.","February 27, 2020","All, Our Stories",https://unitedhebrewgeriatric.org/wp-content/uploads/2020/07/Untitled-design-3-1.png
https://unitedhebrewgeriatric.org/united-hebrew-ceo-advocates-advancement-women/,United Hebrew CEO Advocates for the Advancement of Women,"Supporting women in college and the workplace comes naturally to Rita Mabli, who has always aimed to “pay it forward.”","January 23, 2020","All, Our Stories",https://unitedhebrewgeriatric.org/wp-content/uploads/2020/02/Rita-Mabli-speaking-at-Iona-College-1.png
https://unitedhebrewgeriatric.org/caring-caregiver-reduce-stress-avoid-burnout/,Caring for the Caregiver: How to Reduce Stress and Avoid Burnout,"If you are caring for an aging loved one, you may be physically strained, emotional drained, and stressed. It’s vitally important for you to care for yourself, too. ","January 21, 2020","All, Caregivers",https://unitedhebrewgeriatric.org/wp-content/uploads/2020/02/Untitled-design-8.png
https://unitedhebrewgeriatric.org/diminishing-risk-dementia-new-study-offers-strategies/,Diminishing Risk for Dementia: New Study Offers Strategies,"Reducing your risk of dementia is best approached with a combination of behaviors, including exercise, a healthy diet, sleep, and cognitive training, according to experts.","January 6, 2020","All, Alzheimer’s and Dementia",https://unitedhebrewgeriatric.org/wp-content/uploads/2020/02/Untitled-design-5.png
https://unitedhebrewgeriatric.org/joan-lunden-shares-tips-taking-care-aging-parents/,Joan Lunden Shares Tips for Taking Care of Aging Parents,"Start the conversation early with your aging parents and don’t wait for a crisis to hit, Joan Lunden told guests at United Hebrew’s 100th Anniversary Gala celebration. Read her suggestions here. ","November 26, 2019","All, Our Stories",https://unitedhebrewgeriatric.org/wp-content/uploads/2020/02/Untitled-design-5-1.png
https://unitedhebrewgeriatric.org/united-hebrew-100th-anniversary-gala-raises-record-breaking-sums-senior-care/,United Hebrew 100th Anniversary Gala Raises Record-Breaking Sums for Senior Care,"United Hebrew of New Rochelle’s 100th Anniversary Gala raised awareness of the challenges of caring for aging parents and a record-breaking $500,000 to support care for senior residents.","November 25, 2019","All, Our Stories",https://unitedhebrewgeriatric.org/wp-content/uploads/2020/02/Untitled-design-4-1.png
https://unitedhebrewgeriatric.org/united-hebrew-once-again-named-high-performing-by-us-news-world-report/,United Hebrew Once Again Named ‘High Performing’ by US News & World Report,U.S. News & World Report has again named United Hebrew as among the top 15% in the nation for short-stay rehabilitation facilities.,"November 18, 2019",All,https://unitedhebrewgeriatric.org/wp-content/uploads/2020/02/Untitled-design-4.png
https://unitedhebrewgeriatric.org/protecting-elderly-loved-ones-falls/,Protecting Your Elderly Loved Ones from Falls,Falls are a serious concern for seniors. Our physical therapy experts offer tips for helping your loved ones reduce their risk for falls. ,"October 22, 2019",All,https://unitedhebrewgeriatric.org/wp-content/uploads/2020/02/Untitled-design-6-2.png
https://unitedhebrewgeriatric.org/bruce-gordons-heartfelt-testimonial-cant-imagine-better-staff-better-place/,Bruce Gordon’s Heartfelt Testimonial:  “I can’t imagine a better staff — or a better place.”,"Bruce Gordon, MD, toured ten facilities to find the organization best suited to his wife’s healthcare needs. His conclusion? “United Hebrew was the best.” ","October 22, 2019",All,https://unitedhebrewgeriatric.org/wp-content/uploads/2019/10/Untitled-design-1-1-1.png
https://unitedhebrewgeriatric.org/plan-senior-care-health-crisis-hits-study/,Plan for Senior Care Before a Health Crisis Hits,"The aging process is inevitable. Yet, many older adults and their families are caught off guard when a health crisis occurs and there are no care plans in place.","September 20, 2019","All, Long-term Care",https://unitedhebrewgeriatric.org/wp-content/uploads/2019/10/Plan-ahead-for-senior-care-.png
https://unitedhebrewgeriatric.org/united-hebrew-feeding-westchester-team-promote-senior-nutrition/,United Hebrew and Feeding Westchester Team Up to Promote Senior Nutrition,Feeding Westchester’s Senior Grocery” program brings a monthly delivery of fresh produce each month to over 90 residents of our Meadow Lane and Soundview Senior Apartments.,"August 24, 2019","All, Healthy Aging, Our Stories",https://unitedhebrewgeriatric.org/wp-content/uploads/2019/10/Untitled-design-2.png
https://unitedhebrewgeriatric.org/united-hebrew-welcomes-two-new-members-board-directors/,United Hebrew Welcomes Two New Members to Board of Directors,"In their new roles, De Lande Long and Gerspach will provide insights into the needs of the elderly, as well as serve as ambassadors of our organization, which serves as a resource for people seeking high-quality eldercare.","August 16, 2019",All,https://unitedhebrewgeriatric.org/wp-content/uploads/2019/10/Untitled-design-4-1.png
https://unitedhebrewgeriatric.org/heat-wave-seniors-risk-heat-illness/,Heat Wave: Why Seniors are More at Risk for Heat Illness,"For older adults, extreme heat can be dangerous. With temperatures soaring in the 90s and 100s, it is important to understand the effects of heat on the elderly and what precautions to take to prevent heat-related illnesses.","July 30, 2019","All, Healthy Aging",https://unitedhebrewgeriatric.org/wp-content/uploads/2019/10/Senior-man-drinks-water-to-avoid-heat-illness-.png
https://unitedhebrewgeriatric.org/slow-prevent-memory-loss/,How to Slow or Prevent Memory Loss,"Engaging in mentally stimulating activities is linked to a lower risk of developing mild cognitive impairment, often a precursor to Alzheimer’s and dementia, according to a new study. The more engaged people are, the less likely they are to develop memory and thinking issues.","July 18, 2019","All, Healthy Aging",https://unitedhebrewgeriatric.org/wp-content/uploads/2019/10/Untitled-design-6-3.png
https://unitedhebrewgeriatric.org/willow-gardens-national-award/,Willow Gardens Memory Care Earns National Recognition for Quality Care,Willow Gardens is one of only four assisted living communities in New York State to receive the Bronze – Commitment to Quality Award this year. ,"June 27, 2019","All, Alzheimer’s and Dementia",https://unitedhebrewgeriatric.org/wp-content/uploads/2019/10/Willow-Gardens-Staff.png
https://unitedhebrewgeriatric.org/new-nurse-call-system-improves-quality-resident-care/,New Nurse Call System Improves Quality of Resident Care,"The new system brings an array of new functionality that helps United Hebrew provide the highest quality of resident care, while improving efficiency and workflow for staff.  ","June 6, 2019","All, Long-term Care",https://unitedhebrewgeriatric.org/wp-content/uploads/2019/10/Untitled-design-1-1.png
https://unitedhebrewgeriatric.org/eleven-couples-renew-wedding-vows-take-two-ceremony/,"Eleven Couples Renew Wedding Vows at ‘I Do, Take Two!’ Ceremony","Eleven couples, some of which have been married for more than 60 years, shared their longevity secrets at a festive vow renewal celebration  organized by United Hebrew as part of its Centennial Year.","June 5, 2019","All, Our Stories",https://unitedhebrewgeriatric.org/wp-content/uploads/2019/10/Untitled-design-3-2.png
https://unitedhebrewgeriatric.org/2511-2/,United Hebrew Honors Community Leaders at 8th Annual Community Service Awards Ceremony,"Not only are their individual achievements remarkable, but collectively, their expertise benefits many individuals in our community. We are truly inspired.","May 8, 2019","All, Our Stories",https://unitedhebrewgeriatric.org/wp-content/uploads/2019/05/Untitled-design-4-2.png
https://unitedhebrewgeriatric.org/older-americans-sitting-too-much/,"Study: Older Americans Are Sitting Way Too Much, and Computers Are to Blame","Older adults (age 65 and older) are spending more time sitting now than they did in 2001, according to a new study. Because a sedentary lifestyle poses health risks, we aim to keep our seniors moving.","April 29, 2019","All, Healthy Aging",https://unitedhebrewgeriatric.org/wp-content/uploads/2019/05/Active-older-adults.png
https://unitedhebrewgeriatric.org/united-hebrew-unveils-centennial-exhibition/,United Hebrew Unveils New Centennial Art Exhibition,"Designed to salute its residents, their families and the staff who care for them, a new exhibition “United for You” shines a  light on the strong connections forged among the aged and their caretakers. Eighteen photographic works by award-winning photographer Enid Alvarez are featured.","April 10, 2019","All, Our Stories",https://unitedhebrewgeriatric.org/wp-content/uploads/2019/05/Untitled-design-3.png
https://unitedhebrewgeriatric.org/study-finds-hour-week-socialization-alleviates-dementia-symptoms/,An Hour a Week of Socialization Alleviates Dementia Symptoms,"Conversation and socialization are critical for people with dementia. They stimulate the mind and help residents connect to each other, their caregivers, their families, and the world around them.","March 25, 2019",All,https://unitedhebrewgeriatric.org/wp-content/uploads/2019/05/Untitled-design-1-2.png
https://unitedhebrewgeriatric.org/look-whos-cooking-united-hebrew/,Look Who’s Cooking at United Hebrew!,"The taste and smell of food can have powerful meaning for seniors. Cooking and eating trigger memories, strengthen connections with others, and provide cognitive and physical stimulation. And that’s a recipe for another enriching activity at United Hebrew!","February 27, 2019",All,https://unitedhebrewgeriatric.org/wp-content/uploads/2019/05/Cooking-image.png
https://unitedhebrewgeriatric.org/kicking-off-centennial-year/,Kicking Off Our Centennial Year!,"We kicked off our Centennial Celebration at our “Forever Young” 100th Birthday party, with a standing room only crowd of special guests, long-time supporters, friends, and residents. ","February 7, 2019","All, Our Stories",https://unitedhebrewgeriatric.org/wp-content/uploads/2019/05/County-Executive-George-Latimer-Rita-Mabli-James-Staudt.png
https://unitedhebrewgeriatric.org/true-colors-seniors-find-beauty-artistic-process/,True Colors: Seniors Find Beauty in the Artistic Process,"Art therapy enhances the quality of life for many seniors in our care. For one of our assisted living residents, it also offered national recognition after her painting was selected for a national calendar. ","January 31, 2019","All, Assisted Living",https://unitedhebrewgeriatric.org/wp-content/uploads/2019/05/Seniors-Find-Beauty-In-The-Artistic-Process.png
https://unitedhebrewgeriatric.org/ready-takeoff-frequent-communication-eases-transition-assisted-living/,Ready for Takeoff: How Frequent Communication Eases the Transition to Assisted Living,"When it comes to making the transition to assisted living, think like a pilot. One must be in constant communication with air traffic control to ensure a smooth takeoff and successful landing. Here’s how.","December 19, 2018","All, Assisted Living",https://unitedhebrewgeriatric.org/wp-content/uploads/2019/05/How-Frequent-Communication-Eases-The-Transition-To-Assisted-Living.png
https://unitedhebrewgeriatric.org/seniors-really-want-holidays/,What Seniors Really Want for the Holidays,"For older adults, time with close friends and family is precious. The holiday gift of your presence — rather than presents — may be the best gift you can give to your elderly loved one.","December 17, 2018",All,https://unitedhebrewgeriatric.org/wp-content/uploads/2019/05/Gift-the-gift-of-time.png
https://unitedhebrewgeriatric.org/united-hebrew-earns-national/,United Hebrew Short-Term Rehab Earns Top Rating from US News & World Report,"Our short-term rehabilitation center, staffed by Burke Rehabilitation therapists, earned the highest possible rating, placing us among the top 15 percent of facilities nationwide. ","November 7, 2018","All, Rehabilitation",https://unitedhebrewgeriatric.org/wp-content/uploads/2018/11/Physical-Therapist-working-with-short-term-rehab-patient.png
https://unitedhebrewgeriatric.org/how-to-cope-when-youre-caught-in-the-sandwich-generation/,Feeling the Squeeze? How to Cope When You’re Caught in the Sandwich Generation,"Adult caregivers in the “Sandwich Generation” are suffering huge stress at a time in life when they hadn’t anticipated the additional burden. While the trend shows no signs of slowing, help is available.","October 17, 2018","All, Assisted Living",https://unitedhebrewgeriatric.org/wp-content/uploads/2018/10/Sandwich-Generation-assisted-living.png
https://unitedhebrewgeriatric.org/seven-ways-stay-healthy-70s-beyond/,Seven Ways to Stay Healthy in Your 70s and Beyond!,"New research related to diet, exercise, mood and more shows that lifestyle choices still matter for seniors well into the later decades of our lives. ","September 25, 2018","All, Healthy Aging",https://unitedhebrewgeriatric.org/wp-content/uploads/2018/09/Untitled-design-1.png
https://unitedhebrewgeriatric.org/study-9-10-family-caregivers-suffer-sleep-deprivation/,Study: 9 out of 10 Dementia Caregivers Suffer from Sleep Deprivation,"Caring for a loved one with dementia can stressful, isolating, and overwhelming. It’s important for caregivers to find ways to take care of themselves so that they don’t burn out, or become patients themselves.","August 7, 2018","All, Alzheimer’s and Dementia",https://unitedhebrewgeriatric.org/wp-content/uploads/2018/08/Untitled-design-8.png
https://unitedhebrewgeriatric.org/tour-a-nursing-home/,Tour a Nursing Home to Find the Best Fit for Your Loved One,"For those who need medical care on an ongoing basis, a nursing home is often the best option. Taking a tour will help you find the best long-term care facility to meet your loved ones needs.","July 13, 2018","All, Long-term Care",https://unitedhebrewgeriatric.org/wp-content/uploads/2018/07/Untitled-design-19.png
https://unitedhebrewgeriatric.org/conversation-elihu-rose-jewish-american-soldiers-wwii/,A Conversation with Elihu Rose: Jewish American Soldiers in WWII,"On Wednesday, June 20, United Hebrew presents “A Conversation with Elihu Rose,” a discussion of the unique experiences of Jewish-American soldiers in World War II. The event is free but pre-registration is required.","June 12, 2018",All,https://unitedhebrewgeriatric.org/wp-content/uploads/2018/06/Untitled-design-21.png
https://unitedhebrewgeriatric.org/amazing-care-inspires-artists-donation-18-photographs-united-hebrew/,‘Amazing Care’ Inspires Artist’s Donation to United Hebrew,"A New York artist is donating 18 of her prized photographs to United Hebrew’s nursing home, where she hopes her work will lift the spirits of the residents, as her father-in-law’s once were.","May 23, 2018","All, Long-term Care, Our Stories",https://unitedhebrewgeriatric.org/wp-content/uploads/2018/05/Untitled-design-15.png
https://unitedhebrewgeriatric.org/united-hebrew-honors-three-community-service-awards/,United Hebrew Honors Three with Community Service Awards,We were honored to recognize three outstanding Westchester professionals for their commitment to improving the lives of others at United Hebrew’s 7th Annual Community Service Awards.,"May 10, 2018","All, Long-term Care, Our Stories",https://unitedhebrewgeriatric.org/wp-content/uploads/2018/05/Untitled-design-13.png
https://unitedhebrewgeriatric.org/pet-therapy-helps-seniors-thrive-at-united-hebrew/,Pet Therapy Helps Seniors Thrive at United Hebrew,"Visits from Tinsley, a three-legged pet therapy dog, are designed to bring comfort, ease anxiety, increase social opportunities, and lift the spirits of our residents. ","April 27, 2018","All, Alzheimer’s and Dementia, Long-term Care",https://unitedhebrewgeriatric.org/wp-content/uploads/2018/04/Untitled-design-3.png
https://unitedhebrewgeriatric.org/avoid-three-scary-scams-targeting-seniors/,How to Avoid Three Scary Scams Targeting Seniors,"Financial abuse scams cost seniors billions each year. Get tips on how to avoid them from former New Rochelle police detective, Michael Frenza, now Director of Security at United Hebrew. ","April 18, 2018","All, Assisted Living, Long-term Care",https://unitedhebrewgeriatric.org/wp-content/uploads/2018/04/Untitled-design.png
https://unitedhebrewgeriatric.org/daily-routine-helps-caring-dementia/,Daily Routines Help When Caring for Those with Dementia,Providing structure for daily activities and keeping to a routine can reduce the agitation we often associate with dementia.,"March 26, 2018","All, Alzheimer’s and Dementia",https://unitedhebrewgeriatric.org/wp-content/uploads/2018/03/Untitled-design-2.png
https://unitedhebrewgeriatric.org/secret-long-life-fun-says-feisty-96-year-old-united-hebrew-resident/,"The Secret to a Long Life? Fun and Friends, Says United Hebrew Resident","Meet 96-year-old Addie Gassman, who says staying busy and getting involved is the key to a long and happy life. ","March 12, 2018","All, Long-term Care, Our Stories",https://unitedhebrewgeriatric.org/wp-content/uploads/2018/03/Feisty-United-Hebrew-nursing-home.png
https://unitedhebrewgeriatric.org/support-parents-find-love-senior-living/,How to Support Parents Who Find Love in Senior Living,"Research shows that socially connected older adults live longer. When you support your parent’s new relationship, you show that that you care and want her remain healthy and vibrant.","February 14, 2018","All, Assisted Living",https://unitedhebrewgeriatric.org/wp-content/uploads/2018/02/Untitled-design-1.png
https://unitedhebrewgeriatric.org/5-tips-seniors-weather-winter/,5 Tips for Seniors to Weather the Winter,"Winter weather poses certain safety hazards for everyone, but especially for seniors. Here are five essential tips for surviving the season.","January 18, 2018","All, Assisted Living, Healthy Aging, Long-term Care",https://unitedhebrewgeriatric.org/wp-content/uploads/2018/01/UH-winter-blog.png
https://unitedhebrewgeriatric.org/second-knee-replacement-brings-rehab-patient-back-to-burke-at-united-hebrew/,Second Knee Replacement Brings Rehab Patient Back to Burke at United Hebrew,"After her second knee surgery, Jeanne Strouse chose the best short-term rehabilitation facility she knew: United Hebrew of New Rochelle. ","January 1, 2018","All, Rehabilitation",https://unitedhebrewgeriatric.org/wp-content/uploads/2018/01/Untitled-design-7.png
https://unitedhebrewgeriatric.org/celebrating-holidays-loved-one-nursing-assisted-living/,Celebrating The Holidays With A Loved One In Nursing Or Assisted Living,There is no better way to brighten someone’s holiday than to show them they are loved and appreciated. Here’s how you can help your loved ones have a joyous holiday.,"December 18, 2017","All, Assisted Living, Long-term Care",https://unitedhebrewgeriatric.org/wp-content/uploads/2017/12/Assisted-living-holidays.png
https://unitedhebrewgeriatric.org/top-9-gift-ideas-seniors/,Top 9 Holiday Gift Ideas for Seniors,"With a little creativity, and an understanding of the challenges your elderly loved one faces, you’ll find a gift that does more than bring a smile – it might change a life. ","December 5, 2017","All, Alzheimer’s and Dementia, Assisted Living, Long-term Care",https://unitedhebrewgeriatric.org/wp-content/uploads/2017/12/Holiday-gifts-for-seniors.png
https://unitedhebrewgeriatric.org/united-hebrew-completes-major-assisted-living-renovations-project/,United Hebrew Completes Major Assisted Living Renovations Project,We continue to invest in our facilities in order to meet the wide-ranging needs of today’s seniors.,"November 30, 2017","All, Assisted Living",https://unitedhebrewgeriatric.org/wp-content/uploads/2017/11/Assisted-Living-Westchester.jpg
https://unitedhebrewgeriatric.org/can-travel-safely-loved-one-dementia-alzheimers-disease/,Can You Travel Safely with a Loved One Who has Alzheimer’s Disease?,Good news: Traveling together with your loved one who has Alzheimer’s or dementia is possible with careful planning. ,"November 22, 2017","All, Alzheimer’s and Dementia",https://unitedhebrewgeriatric.org/wp-content/uploads/2017/11/Traveling-with-Alzheimers.png
https://unitedhebrewgeriatric.org/united-hebrew-named-one-americas-best-extended-care-facilities/,United Hebrew Named One of America’s Best Extended Care Facilities,"United Hebrew was named as one of top 825 best extended care facilities out of over 15,000 in the nation.","November 3, 2017","All, Long-term Care",https://unitedhebrewgeriatric.org/wp-content/uploads/2017/11/Untitled-design-1.png
https://unitedhebrewgeriatric.org/robotic-cats-bring-comfort-alzheimers-dementia/,How Robotic Pets Bring Comfort to those with Alzheimer’s and Dementia,Robotic pets can help those with dementia feel comfort and a new sense of purpose. ,"October 16, 2017","All, Alzheimer’s and Dementia",https://unitedhebrewgeriatric.org/wp-content/uploads/2017/10/Untitled-design-20.png
https://unitedhebrewgeriatric.org/united-hebrew-technology-director-recognized-as-leadingage-ny-employee-of-distinction/,United Hebrew Technology Director Honored by LeadingAge NY,The award recognizes the extraordinary dedication of staffs who have positively affected their organizations.,"September 25, 2017","All, Long-term Care, Our Stories",https://unitedhebrewgeriatric.org/wp-content/uploads/2017/09/kelvin-1.png
https://unitedhebrewgeriatric.org/respiratory-care-helps-seniors-breathe-easier/,How Respiratory Care Helps Seniors Breathe Easier,"Treatments, exercises, and education can help seniors breathe easier and lead longer, healthier lives.","August 25, 2017","All, Long-term Care",https://unitedhebrewgeriatric.org/wp-content/uploads/2017/08/Terrence-Seymour.png
https://unitedhebrewgeriatric.org/how-to-stay-socially-active-as-you-get-older/,How to Stay Socially Active as You Get Older,New research shows that social isolation can have a significant negative impact on our health. Here are six tips to help your or your loved one stay socially active.,"August 16, 2017","All, Assisted Living, Healthy Aging, Long-term Care",https://unitedhebrewgeriatric.org/wp-content/uploads/2017/08/Untitled-design-6.png
https://unitedhebrewgeriatric.org/simple-tips-help-handle-difficult-symptoms-sundowning/,Simple Tips to Help You Cope With Sundowning,"When someone has been diagnosed with Alzheimer’s or dementia, agitation, confusion, and aggression are some of the most challenging behaviors for caregivers to handle. Here’s what you can do. ","July 31, 2017","All, Alzheimer’s and Dementia, Assisted Living",https://unitedhebrewgeriatric.org/wp-content/uploads/2017/07/Untitled-design-3.png
https://unitedhebrewgeriatric.org/willow-towers-assisted-living-seniors-go-back-school/,"At Willow Towers Assisted Living, Seniors Go ‘Back to School’","Lifelong learning helps build social connections and ward off isolation, which helps our seniors maintain their mental fitness and overall well-being.  ","July 13, 2017","All, Assisted Living, Our Stories",https://unitedhebrewgeriatric.org/wp-content/uploads/2017/07/Untitled-design-15.png
https://unitedhebrewgeriatric.org/five-caregiving-questions-may-embarrassed-ask/,Five Caregiving Questions You May be Too Embarrassed to Ask,Here’s how to handle some of the caregiving questions you may have when caring for aging parents who have Alzheimer’s or dementia.,"June 28, 2017","All, Alzheimer’s and Dementia, Caregivers",https://unitedhebrewgeriatric.org/wp-content/uploads/2017/06/Untitled-design-24.png
https://unitedhebrewgeriatric.org/meet-feisty-independent-outspoken-personalities/,"Meet Some of Our Feisty, Independent, and Outspoken Personalities",We invite you to meet some of the wonderful individuals we have the privilege to care for and help lead life to the fullest.,"June 17, 2017","All, Assisted Living",https://unitedhebrewgeriatric.org/wp-content/uploads/2017/04/Untitled-design-20.png
https://unitedhebrewgeriatric.org/willow-towers-assisted-living-honors-30-of-its-u-s-military-veterans-on-flag-day/,Willow Towers Assisted Living Honors 30 of Its U.S. Military Veterans on Flag Day,A tight-knit community of veterans call Willow Towers home. ,"June 15, 2017","All, Assisted Living, Our Stories",https://unitedhebrewgeriatric.org/wp-content/uploads/2017/06/Untitled-design-16.png
https://unitedhebrewgeriatric.org/need-know-long-term-care-insurance/,What You Need to Know About Long-term Care Insurance,"Whether you’re looking for long-term care for your loved one, or thinking about how to cover the costs of your own care in the future, it’s good to know the facts about long-term insurance. ","May 17, 2017","All, Long-term Care",https://unitedhebrewgeriatric.org/wp-content/uploads/2017/05/LTC-blog-image.png
https://unitedhebrewgeriatric.org/5-ways-dancing-makes-a-difference-for-those-with-dementia/,5 Ways Dancing Makes a Difference for Those with Dementia,Dance and movement therapy are the most recent additions to the robust creative arts therapy program across United Hebrew’s campus.,"May 7, 2017","All, Alzheimer’s and Dementia, Assisted Living, Long-term Care",https://unitedhebrewgeriatric.org/wp-content/uploads/2017/05/Kelsey-Gangnath-.jpg
https://unitedhebrewgeriatric.org/saved-life-elvira-mezzaucellas-heartfelt-thank/,‘You Saved My Life!’  Elvira Mezzaucella’s Heartfelt Thank You,"Read the remarkable story of this rehabilitation patient, who says she wouldn’t be here if it weren’t for United Hebrew’s “heroic and well-trained staff.” ","April 3, 2017","All, Rehabilitation",https://unitedhebrewgeriatric.org/wp-content/uploads/2017/04/Untitled-design-13.png
https://unitedhebrewgeriatric.org/secrets-long-life-awesome-centenarians/,"Secrets to a Long Life, from Our Awesome Centenarians","There may be more than one pathway to reach age 100, but three women who have passed that milestone have a few key things in common.","March 30, 2017",All,https://unitedhebrewgeriatric.org/wp-content/uploads/2017/03/Shirley.png
https://unitedhebrewgeriatric.org/aging-dementia-alzheimers-disease-knowing-signs/,"Is it Aging, Dementia, or Alzheimer’s Disease? Know the Signs","While our brains slow with age, memory loss is not a normal part of the aging process. Know the signs of Alzheimer’s and what to do. ","March 19, 2017","All, Alzheimer’s and Dementia, Assisted Living",https://unitedhebrewgeriatric.org/wp-content/uploads/2017/03/Untitled-design-4.png
https://unitedhebrewgeriatric.org/benefits-of-joining-an-alzheimers-caregiver-support-group/,Benefits of Joining an Alzheimer’s Caregiver Support Group,"Caring for a loved one who has Alzheimer’s or dementia can leave caregivers exhausted, overwhelmed, and isolated. But you don’t have to go it alone.","February 17, 2017","All, Assisted Living",https://unitedhebrewgeriatric.org/wp-content/uploads/2017/02/Untitled-design-1.jpg
https://unitedhebrewgeriatric.org/5-signs-aging-parents-need-care/,5 Signs That Your Aging Parents Need More Care,"Holidays, birthdays, and family milestones are a time for togetherness and celebration. They’re also an opportunity for adult children to observe Mom or Dad.","January 25, 2017",All,https://unitedhebrewgeriatric.org/wp-content/uploads/2017/01/Untitled-design-4.png
https://unitedhebrewgeriatric.org/rita-mabli-honored-2016-woman-business-914inc-magazine/,Rita Mabli Honored as 2016 ‘Woman in Business’ by 914Inc. Magazine,"United Hebrew President & CEO, Rita Mabli, was recognized as one of Westchester County’s most successful businesswomen by 914Inc. Magazine.","January 10, 2017",All,https://unitedhebrewgeriatric.org/wp-content/uploads/2017/01/Untitled-design-2.jpg
https://unitedhebrewgeriatric.org/getting-holiday-spirit/,United Hebrew Holidays: Celebrating the Spirit of the Season,"Twinkling lights, joyful voices raised in song, and the aroma of traditional treats are some of the signs that the holidays have arrived at United Hebrew of New Rochelle.","December 23, 2016",All,https://unitedhebrewgeriatric.org/wp-content/uploads/2016/12/4-4.png
https://unitedhebrewgeriatric.org/8-great-tech-gifts-seniors-list/,8 Great Holiday Gifts for the Seniors on Your List,"From health sensors and e-readers to GPS shoes, an array of gadgets, apps, and devices can add convenience, safety and fun to your loved one’s life. ","December 8, 2016","All, Alzheimer’s and Dementia, Assisted Living, Caregivers, Long-term Care",https://unitedhebrewgeriatric.org/wp-content/uploads/2016/12/Tech-gifts-for-seniors.jpg
https://unitedhebrewgeriatric.org/united-hebrew-named-list-best-nursing-homes-nation/,United Hebrew Named to List of ‘Best Nursing Homes’ in Nation,"For the sixth straight year, United Hebrew of New Rochelle has been named to the U.S. News & World Report list of ‘Best Nursing Homes.’","November 22, 2016","All, Caregivers, Long-term Care, Rehabilitation",https://unitedhebrewgeriatric.org/wp-content/uploads/2016/11/Best-Nursing-Home.jpg
https://unitedhebrewgeriatric.org/choose-short-term-rehab-facility-hospital-stay/,How to Choose a Short Term Rehabilitation Facility After a Hospital Stay,"Whether your hospital stay was unexpected, or occurred after a long-planned surgery, choosing a rehab facility can seem overwhelming. ","November 17, 2016","All, Rehabilitation",https://unitedhebrewgeriatric.org/wp-content/uploads/2016/11/UH-Rehab.jpg
https://unitedhebrewgeriatric.org/6-tips-managing-sandwich-generation-stress/,6 Tips for Managing Sandwich Generation Stress,For those in the sandwich generation—adults caring for children and their aging parents—the daily juggling act can be stressful. Here are some tips to help manage.,"October 20, 2016","All, Alzheimer’s and Dementia, Assisted Living, Caregivers, Long-term Care",https://unitedhebrewgeriatric.org/wp-content/uploads/2016/10/Untitled-design.jpg
https://unitedhebrewgeriatric.org/exercise-day-keep-alzheimers-bay/,Exercise Each Day to Prevent Alzheimer’s and Dementia,"New research shows that exercise can help your brain grow, enhance cognitive function, and prevent Alzheimer’s and dementia. And we’re not even talking about long hours of grueling workouts!","August 31, 2016","All, Alzheimer’s and Dementia, Assisted Living, Healthy Aging",https://unitedhebrewgeriatric.org/wp-content/uploads/2016/03/Walking-Club.jpg
https://unitedhebrewgeriatric.org/seniors-students-benefit-exchange-culture-caring/,Seniors and Students Benefit from Exchange of Culture and Caring,"United Hebrew works with volunteers of all ages from all over Westchester County; recently, our skilled nursing facility received help from a group of volunteers from halfway around the world.","June 27, 2016","All, Long-term Care, Our Stories",https://unitedhebrewgeriatric.org/wp-content/uploads/2016/06/Volunteer-stock.jpg
https://unitedhebrewgeriatric.org/united-hebrew-awarded-five-star-rating-for-fifth-consecutive-year/,United Hebrew Awarded Five-Star Rating for Fifth Consecutive Year,"Our skilled nursing home and rehabilitation center has received five out of five stars for overall quality by the U.S. Centers for Medicare and Medicaid Services, and received additional national recognition for superior care.","April 28, 2016","All, Healthy Aging",https://unitedhebrewgeriatric.org/wp-content/uploads/2016/02/UH5-star.jpg
https://unitedhebrewgeriatric.org/willow-gardens-westchesters-newest-memory-care-residence/,Willow Gardens: Westchester’s Newest Memory Care Residence,Willow Gardens Memory Care is Westchester’s only nonprofit assisted living residence devoted exclusively to caring for those with Alzheimer’s and related dementias. We invite you to take a tour of our newest facility.,"April 10, 2016","All, Alzheimer’s and Dementia, Assisted Living",https://unitedhebrewgeriatric.org/wp-content/uploads/2016/04/WillowGardensBlog.jpg